seeds,precision,recall,f1,accuracy
32,0.9047619047619048,0.8333333333333333,0.8473684210526315,0.8620689655172413
42,0.7638888888888888,0.732843137254902,0.7387387387387387,0.7586206896551724
52,0.9473684210526316,0.9166666666666667,0.9267676767676767,0.9310344827586207
