seeds,precision,recall,f1,accuracy
32,0.8257575757575758,0.8161764705882353,0.8198757763975155,0.8275862068965517
42,0.7947368421052632,0.7745098039215685,0.7803030303030303,0.7931034482758621
52,0.8918269230769231,0.8995098039215685,0.8945454545454545,0.896551724137931
