seeds,precision,recall,f1,accuracy
32,0.8710526315789473,0.8455882352941176,0.8535353535353536,0.8620689655172413
42,0.898989898989899,0.8872549019607843,0.8919254658385093,0.896551724137931
52,0.928921568627451,0.928921568627451,0.928921568627451,0.9310344827586207
